{"blue": [0.0, 0.7019608020782471, 1.0], "gray": [0.4627451002597809, 0.46666666865348816, 0.5137255191802979], "rels": {"blue": [0.0, 0.7019608020782471, 1.0], "lightblue": [0.6313725709915161, 0.7686274647712708, 0.9843137264251709], "aug2": [0.0, 0.7764706015586853, 0.3333333432674408], "darkblue": [0.0, 0.3921568691730499, 1.0], "green": [0.0, 0.7764706015586853, 0.3333333432674408], "grey": [0.4627451002597809, 0.46666666865348816, 0.5137255191802979], "aug1": [0.95686274766922, 0.729411780834198, 0.1411764770746231], "rascade1": [0.9450980424880981, 0.09803921729326248, 0.0235294122248888], "cascade2": [0.26274511218070984, 0.49803921580314636, 0.8470588326454163], "rascade3": [1.0, 0.4431372582912445, 0.007843137718737125], "rascade2": [0.7411764860153198, 0.14901961386203766, 0.0235294122248888], "plus": [0.9960784316062927, 0.20392157137393951, 0.34117648005485535], "cascade4": [0.7372549176216125, 0.7450980544090271, 0.7490196228027344], "cascade3": [0.6313725709915161, 0.7686274647712708, 0.9843137264251709], "orange": [0.95686274766922, 0.729411780834198, 0.1411764770746231], "gridcolor": [0.7372549176216125, 0.7450980544090271, 0.7490196228027344], "white": [1.0, 1.0, 1.0], "cascade1": [0.0, 0.3921568691730499, 1.0], "minus": [0.0, 0.7019608020782471, 1.0], "red": [0.9960784316062927, 0.20392157137393951, 0.34117648005485535]}, "rascade1": [0.7411764860153198, 0.14901961386203766, 0.0235294122248888], "cascade2": [0.26274511218070984, 0.49803921580314636, 0.8470588326454163], "rascade3": [1.0, 0.4431372582912445, 0.007843137718737125], "rascade2": [0.9450980424880981, 0.09803921729326248, 0.0235294122248888], "green": [0.0, 0.7764706015586853, 0.3333333432674408], "orange": [0.95686274766922, 0.729411780834198, 0.1411764770746231], "cascade3": [0.6313725709915161, 0.7686274647712708, 0.9843137264251709], "gridcolor": [0.7372549176216125, 0.7450980544090271, 0.7490196228027344], "cascade1": [0.0, 0.3921568691730499, 1.0], "white": [1.0, 1.0, 1.0], "red": [0.9960784316062927, 0.20392157137393951, 0.34117648005485535], "black": [0.0, 0.0, 0.0]}